question_id,question,question_type,level,condition,reference_answer,generated_answer,f1,exact_match,retrieval_recall,context_words,retrieved_ids
5adbf44355429944faac23ce,In which county does the  8th Military Police Brigade  of the United States Army's Barracks located?,bridge,hard,clean,Honolulu,Honolulu County.,0.6666666666666666,0,1.0,281,"P3,P4,P7,P5"
5adbf44355429944faac23ce,In which county does the  8th Military Police Brigade  of the United States Army's Barracks located?,bridge,hard,remove_one,Honolulu,Honolulu County.,0.6666666666666666,0,1.0,287,"P4,P7,P5,P1"
5adbf44355429944faac23ce,In which county does the  8th Military Police Brigade  of the United States Army's Barracks located?,bridge,hard,remove_all,Honolulu,I don't know.,0.0,0,,243,"P7,P5,P1,P0"
5adbf44355429944faac23ce,In which county does the  8th Military Police Brigade  of the United States Army's Barracks located?,bridge,hard,contaminated,Honolulu,I cannot answer based on the given evidence.,0.0,0,,227,"P7,P1,P9,P5"
5a7265a95542992359bc307a,In what year did construction begin on the stadium where the 2013 America East Men's Lacrosse Tournament was held?,bridge,hard,clean,in 2000,2000,0.6666666666666666,0,1.0,358,"P4,P5,P1,P6"
5a7265a95542992359bc307a,In what year did construction begin on the stadium where the 2013 America East Men's Lacrosse Tournament was held?,bridge,hard,remove_one,in 2000,I don't know.,0.0,0,1.0,322,"P5,P1,P6,P3"
5a7265a95542992359bc307a,In what year did construction begin on the stadium where the 2013 America East Men's Lacrosse Tournament was held?,bridge,hard,remove_all,in 2000,2000,0.6666666666666666,0,,332,"P1,P6,P3,P7"
5a7265a95542992359bc307a,In what year did construction begin on the stadium where the 2013 America East Men's Lacrosse Tournament was held?,bridge,hard,contaminated,in 2000,Cannot answer based on the provided evidence.,0.0,0,,318,"P1,P6,P3,P0"
5a886098554299206df2b248,What type of profession does Alexandra David-Néel and Jack Kerouac have in common?,bridge,hard,clean,writer,Writer,1.0,1,0.5,587,"P9,P4,P1,P8"
5a886098554299206df2b248,What type of profession does Alexandra David-Néel and Jack Kerouac have in common?,bridge,hard,remove_one,writer,Writer.,1.0,1,1.0,587,"P9,P4,P1,P8"
5a886098554299206df2b248,What type of profession does Alexandra David-Néel and Jack Kerouac have in common?,bridge,hard,remove_all,writer,Writer,1.0,1,,593,"P4,P1,P8,P6"
5a886098554299206df2b248,What type of profession does Alexandra David-Néel and Jack Kerouac have in common?,bridge,hard,contaminated,writer,The evidence does not provide information about Alexandra David‑Néel’s profession.,0.0,0,,607,"P4,P1,D0,P8"
5addc7e35542997545bbbdbe,"Which areas of the United States were still able to deny sames sex marriages after the case in which Edith ""Edie"" Windsor was the main plaintiff?",bridge,hard,clean,"American Samoa, but not on all Native American tribal lands",The evidence does not provide that information.,0.125,0,0.5,466,"P9,P8,P3,P1"
5addc7e35542997545bbbdbe,"Which areas of the United States were still able to deny sames sex marriages after the case in which Edith ""Edie"" Windsor was the main plaintiff?",bridge,hard,remove_one,"American Samoa, but not on all Native American tribal lands","I’m sorry, but the provided evidence does not contain the information needed to answer that question.",0.16666666666666666,0,1.0,466,"P9,P3,P8,P1"
5addc7e35542997545bbbdbe,"Which areas of the United States were still able to deny sames sex marriages after the case in which Edith ""Edie"" Windsor was the main plaintiff?",bridge,hard,remove_all,"American Samoa, but not on all Native American tribal lands","I’m sorry, but I can’t answer that question based on the evidence you provided.",0.17391304347826086,0,,446,"P3,P8,P1,P6"
5addc7e35542997545bbbdbe,"Which areas of the United States were still able to deny sames sex marriages after the case in which Edith ""Edie"" Windsor was the main plaintiff?",bridge,hard,contaminated,"American Samoa, but not on all Native American tribal lands",The provided evidence does not contain information about which areas of the United States were still able to deny same‑sex marriages after the Windsor case.,0.06250000000000001,0,,446,"P3,P8,P1,P6"
5a7a3cea5542994f819ef182,Where was one of the runners born who almost broke Craig Virgin's Illinois Boys Cross Country record?,bridge,hard,clean,"Kaunas, Lithuania","Peoria, Illinois.",0.0,0,0.5,480,"P5,P1,P3,P8"
5a7a3cea5542994f819ef182,Where was one of the runners born who almost broke Craig Virgin's Illinois Boys Cross Country record?,bridge,hard,remove_one,"Kaunas, Lithuania","Peoria, Illinois.",0.0,0,0.0,441,"P1,P3,P8,P9"
5a7a3cea5542994f819ef182,Where was one of the runners born who almost broke Craig Virgin's Illinois Boys Cross Country record?,bridge,hard,remove_all,"Kaunas, Lithuania","Peoria, Illinois",0.0,0,,441,"P1,P8,P3,P9"
5a7a3cea5542994f819ef182,Where was one of the runners born who almost broke Craig Virgin's Illinois Boys Cross Country record?,bridge,hard,contaminated,"Kaunas, Lithuania","Peoria, Illinois",0.0,0,,441,"P1,P8,P3,P9"
5a7525405542993748c897ce,"What is the name of the American author, songwriter, educator, lawyer, diplomat, civil rights activist and husband to Grace Nail Johnson who was the first African American executive secretary of the National Association for the Advancement of Colored People (NAACP)?",bridge,hard,clean,James Weldon Johnson,James Weldon Johnson,1.0,1,1.0,292,"P2,P8,P0,P5"
5a7525405542993748c897ce,"What is the name of the American author, songwriter, educator, lawyer, diplomat, civil rights activist and husband to Grace Nail Johnson who was the first African American executive secretary of the National Association for the Advancement of Colored People (NAACP)?",bridge,hard,remove_one,James Weldon Johnson,James Weldon Johnson,1.0,1,1.0,290,"P8,P0,P5,P3"
5a7525405542993748c897ce,"What is the name of the American author, songwriter, educator, lawyer, diplomat, civil rights activist and husband to Grace Nail Johnson who was the first African American executive secretary of the National Association for the Advancement of Colored People (NAACP)?",bridge,hard,remove_all,James Weldon Johnson,James Weldon Johnson,1.0,1,,314,"P0,P5,P3,P7"
5a7525405542993748c897ce,"What is the name of the American author, songwriter, educator, lawyer, diplomat, civil rights activist and husband to Grace Nail Johnson who was the first African American executive secretary of the National Association for the Advancement of Colored People (NAACP)?",bridge,hard,contaminated,James Weldon Johnson,James Weldon Johnson,1.0,1,,314,"P0,P5,P3,P7"
5a8f08c2554299458435d530,"Sian Gibson co-wrote which British sitcom, set around a supermarket and car share scheme?",bridge,hard,clean,Peter Kay's Car Share,Peter Kay's Car Share,1.0,1,1.0,182,"P9,P7,P3,P1"
5a8f08c2554299458435d530,"Sian Gibson co-wrote which British sitcom, set around a supermarket and car share scheme?",bridge,hard,remove_one,Peter Kay's Car Share,Peter Kay’s Car Share,0.75,0,1.0,267,"P9,P7,P6,P1"
5a8f08c2554299458435d530,"Sian Gibson co-wrote which British sitcom, set around a supermarket and car share scheme?",bridge,hard,remove_all,Peter Kay's Car Share,Trollied,0.0,0,,343,"P7,P8,P6,P5"
5a8f08c2554299458435d530,"Sian Gibson co-wrote which British sitcom, set around a supermarket and car share scheme?",bridge,hard,contaminated,Peter Kay's Car Share,Trollied,0.0,0,,331,"P7,P6,D0,P5"
5ae0f73d55429920d5234252,"Where was the Super Bowl, that Alan Faneca won, played ?",bridge,hard,clean,Ford Field in Detroit,"I’m sorry, but I don’t know.",0.0,0,0.5,591,"P0,P4,P7,P8"
5ae0f73d55429920d5234252,"Where was the Super Bowl, that Alan Faneca won, played ?",bridge,hard,remove_one,Ford Field in Detroit,"Georgia Dome in Atlanta, Georgia.",0.22222222222222224,0,0.0,585,"P4,P1,P7,P8"
5ae0f73d55429920d5234252,"Where was the Super Bowl, that Alan Faneca won, played ?",bridge,hard,remove_all,Ford Field in Detroit,"Georgia Dome in Atlanta, Georgia",0.22222222222222224,0,,585,"P4,P1,P7,P8"
5ae0f73d55429920d5234252,"Where was the Super Bowl, that Alan Faneca won, played ?",bridge,hard,contaminated,Ford Field in Detroit,"Detroit, Michigan.",0.3333333333333333,0,,585,"P4,P1,P7,P8"
5ac440385542997ea680ca4e,Carl von Donop was a colonel of which German auxiliaries?,bridge,hard,clean,Hessians,Hessian auxiliaries.,0.0,0,0.5,167,"P8,P5,P1,P6"
5ac440385542997ea680ca4e,Carl von Donop was a colonel of which German auxiliaries?,bridge,hard,remove_one,Hessians,Hessian auxiliaries.,0.0,0,1.0,309,"P8,P1,P5,P2"
5ac440385542997ea680ca4e,Carl von Donop was a colonel of which German auxiliaries?,bridge,hard,remove_all,Hessians,Hessian auxiliaries.,0.0,0,,303,"P5,P1,P6,P2"
5ac440385542997ea680ca4e,Carl von Donop was a colonel of which German auxiliaries?,bridge,hard,contaminated,Hessians,Hessian auxiliaries.,0.0,0,,174,"P5,P6,P9,P1"
5a90945755429933b8a2056c,"John Constantine Williams, Sr was cofounder of a Florida city located in what county?",bridge,hard,clean,Pinellas County,Pinellas County.,1.0,1,1.0,185,"P7,P0,P3,P8"
5a90945755429933b8a2056c,"John Constantine Williams, Sr was cofounder of a Florida city located in what county?",bridge,hard,remove_one,Pinellas County,Pinellas County,1.0,1,1.0,243,"P7,P0,P8,P1"
5a90945755429933b8a2056c,"John Constantine Williams, Sr was cofounder of a Florida city located in what county?",bridge,hard,remove_all,Pinellas County,Pinellas County,1.0,1,,258,"P0,P8,P4,P1"
5a90945755429933b8a2056c,"John Constantine Williams, Sr was cofounder of a Florida city located in what county?",bridge,hard,contaminated,Pinellas County,Pinellas County.,1.0,1,,320,"P0,D0,P8,P1"
5ab864945542990e739ec8e1,Substorm was described in qualitative terms by a scientist nominated for what seven times?,bridge,hard,clean,Nobel Prize,the Nobel Prize.,1.0,1,1.0,443,"P8,P1,P4,P7"
5ab864945542990e739ec8e1,Substorm was described in qualitative terms by a scientist nominated for what seven times?,bridge,hard,remove_one,Nobel Prize,the Nobel Prize.,1.0,1,1.0,479,"P8,P7,P4,P5"
5ab864945542990e739ec8e1,Substorm was described in qualitative terms by a scientist nominated for what seven times?,bridge,hard,remove_all,Nobel Prize,the Nobel Prize,1.0,1,,499,"P7,P4,P5,P9"
5ab864945542990e739ec8e1,Substorm was described in qualitative terms by a scientist nominated for what seven times?,bridge,hard,contaminated,Nobel Prize,the Nobel Prize,1.0,1,,476,"P7,D0,P4,P3"
5a80b8845542992bc0c4a7de,"In regards to the 2015 animation film based on The True Meaning of Smekday, who produced a song that was sung by a Barbadian?",bridge,hard,clean,Stargate,Stargate,1.0,1,1.0,250,"P7,P6,P1,P2"
5a80b8845542992bc0c4a7de,"In regards to the 2015 animation film based on The True Meaning of Smekday, who produced a song that was sung by a Barbadian?",bridge,hard,remove_one,Stargate,Rihanna,0.0,0,1.0,437,"P7,P6,P9,P4"
5a80b8845542992bc0c4a7de,"In regards to the 2015 animation film based on The True Meaning of Smekday, who produced a song that was sung by a Barbadian?",bridge,hard,remove_all,Stargate,Chris Jenkins,0.0,0,,352,"P9,P7,P2,P4"
5a80b8845542992bc0c4a7de,"In regards to the 2015 animation film based on The True Meaning of Smekday, who produced a song that was sung by a Barbadian?",bridge,hard,contaminated,Stargate,No answer found in the provided evidence.,0.0,0,,353,"D0,P7,D1,P2"
5a7943ea5542994bb9456fd3,What did Pioneer 4 fly by before inserting into the type orbit that planets of the Solar System are in around the sun?,bridge,hard,clean,Moon's surface,The Moon.,0.0,0,1.0,417,"P3,P8,P6,P9"
5a7943ea5542994bb9456fd3,What did Pioneer 4 fly by before inserting into the type orbit that planets of the Solar System are in around the sun?,bridge,hard,remove_one,Moon's surface,The Moon.,0.0,0,1.0,561,"P8,P9,P6,P2"
5a7943ea5542994bb9456fd3,What did Pioneer 4 fly by before inserting into the type orbit that planets of the Solar System are in around the sun?,bridge,hard,remove_all,Moon's surface,The Moon.,0.0,0,,557,"P9,P6,P2,P5"
5a7943ea5542994bb9456fd3,What did Pioneer 4 fly by before inserting into the type orbit that planets of the Solar System are in around the sun?,bridge,hard,contaminated,Moon's surface,the Moon,0.0,0,,602,"P9,P6,P2,P7"
5ae71f06554299572ea54708,Christopher de Haro provided the financial backing to what Portuguese explorer who organised the Spanish expedition to the East Indies from 1519 to 1522? ,bridge,hard,clean,Ferdinand Magellan,Ferdinand Magellan,1.0,1,1.0,325,"P7,P3,P6,P4"
5ae71f06554299572ea54708,Christopher de Haro provided the financial backing to what Portuguese explorer who organised the Spanish expedition to the East Indies from 1519 to 1522? ,bridge,hard,remove_one,Ferdinand Magellan,Ferdinand Magellan,1.0,1,1.0,360,"P7,P6,P4,P8"
5ae71f06554299572ea54708,Christopher de Haro provided the financial backing to what Portuguese explorer who organised the Spanish expedition to the East Indies from 1519 to 1522? ,bridge,hard,remove_all,Ferdinand Magellan,Ferdinand Magellan,1.0,1,,371,"P6,P8,P4,P1"
5ae71f06554299572ea54708,Christopher de Haro provided the financial backing to what Portuguese explorer who organised the Spanish expedition to the East Indies from 1519 to 1522? ,bridge,hard,contaminated,Ferdinand Magellan,Ferdinand Magellan,1.0,1,,458,"P6,P4,D0,D1"
5adebbbd554299728e26c793,"Northland Mall was the first directionally-named shopping center in Columbus, 5 years before which shopping center at the intersection of US-40 and I-270?",bridge,hard,clean,Westland Mall,Westland Mall,1.0,1,1.0,505,"P4,P9,P6,P8"
5adebbbd554299728e26c793,"Northland Mall was the first directionally-named shopping center in Columbus, 5 years before which shopping center at the intersection of US-40 and I-270?",bridge,hard,remove_one,Westland Mall,Westland Mall,1.0,1,1.0,506,"P8,P9,P6,P2"
5adebbbd554299728e26c793,"Northland Mall was the first directionally-named shopping center in Columbus, 5 years before which shopping center at the intersection of US-40 and I-270?",bridge,hard,remove_all,Westland Mall,The evidence does not provide the name of the shopping center at the intersection of US‑40 and I‑270.,0.0,0,,683,"P9,P6,P2,P7"
5adebbbd554299728e26c793,"Northland Mall was the first directionally-named shopping center in Columbus, 5 years before which shopping center at the intersection of US-40 and I-270?",bridge,hard,contaminated,Westland Mall,,0.0,0,,683,"P9,P6,P2,P7"
5abec9b25542997ec76fd366,What city was the capital of the Ostrogothic Kingdom and the birth place of Ornella Fiorentini?,bridge,hard,clean,"Ravenna (] , also locally ] ; Romagnol: ""Ravèna"" ) is the capital city of the Province of Ravenna",Ravenna,0.15384615384615385,0,0.5,362,"P7,P1,P3,P2"
5abec9b25542997ec76fd366,What city was the capital of the Ostrogothic Kingdom and the birth place of Ornella Fiorentini?,bridge,hard,remove_one,"Ravenna (] , also locally ] ; Romagnol: ""Ravèna"" ) is the capital city of the Province of Ravenna",Ravenna,0.15384615384615385,0,0.0,360,"P1,P3,P2,P0"
5abec9b25542997ec76fd366,What city was the capital of the Ostrogothic Kingdom and the birth place of Ornella Fiorentini?,bridge,hard,remove_all,"Ravenna (] , also locally ] ; Romagnol: ""Ravèna"" ) is the capital city of the Province of Ravenna",Ravenna,0.15384615384615385,0,,360,"P1,P3,P2,P0"
5abec9b25542997ec76fd366,What city was the capital of the Ostrogothic Kingdom and the birth place of Ornella Fiorentini?,bridge,hard,contaminated,"Ravenna (] , also locally ] ; Romagnol: ""Ravèna"" ) is the capital city of the Province of Ravenna",Ravenna,0.15384615384615385,0,,360,"P1,P3,P2,P0"
5ae60426554299546bf83019,Which American Space Western animated series did Celebrity Home Entertainment released ,bridge,hard,clean,BraveStarr,BraveStarr,1.0,1,0.5,361,"P7,P8,P5,P3"
5ae60426554299546bf83019,Which American Space Western animated series did Celebrity Home Entertainment released ,bridge,hard,remove_one,BraveStarr,BraveStarr,1.0,1,1.0,370,"P7,P8,P9,P5"
5ae60426554299546bf83019,Which American Space Western animated series did Celebrity Home Entertainment released ,bridge,hard,remove_all,BraveStarr,COPS,0.0,0,,385,"P8,P5,P3,P1"
5ae60426554299546bf83019,Which American Space Western animated series did Celebrity Home Entertainment released ,bridge,hard,contaminated,BraveStarr,COPS,0.0,0,,385,"P8,P1,P5,P3"
5a7943c655429970f5fffe89,Which of the teams that Sun-woo Kim played on never won a division title?,bridge,hard,clean,Colorado Rockies,Colorado Rockies,1.0,1,0.5,583,"P5,P7,P8,P1"
5a7943c655429970f5fffe89,Which of the teams that Sun-woo Kim played on never won a division title?,bridge,hard,remove_one,Colorado Rockies,Serbian White Eagles.,0.0,0,0.0,625,"P5,P8,P7,P0"
5a7943c655429970f5fffe89,Which of the teams that Sun-woo Kim played on never won a division title?,bridge,hard,remove_all,Colorado Rockies,"Serbian White Eagles, Toronto Croatia",0.0,0,,625,"P5,P7,P8,P0"
5a7943c655429970f5fffe89,Which of the teams that Sun-woo Kim played on never won a division title?,bridge,hard,contaminated,Colorado Rockies,No team can be identified from the given evidence.,0.0,0,,568,"P5,P7,P8,P3"
5a7fc8d05542992e7d278d86,"Which Air Force member was behind enemy lines for 11 1/2 days and had the largest,longest and most complex rescue mission?",bridge,hard,clean,"Lieutenant Colonel Iceal E. ""Gene"" Hambleton","Lieutenant Colonel Iceal E. “Gene” Hambleton, USAF.",0.7692307692307692,0,1.0,535,"P0,P6,P1,P9"
5a7fc8d05542992e7d278d86,"Which Air Force member was behind enemy lines for 11 1/2 days and had the largest,longest and most complex rescue mission?",bridge,hard,remove_one,"Lieutenant Colonel Iceal E. ""Gene"" Hambleton",Iceal “Gene” Hambleton.,0.4444444444444444,0,1.0,467,"P6,P9,P1,P2"
5a7fc8d05542992e7d278d86,"Which Air Force member was behind enemy lines for 11 1/2 days and had the largest,longest and most complex rescue mission?",bridge,hard,remove_all,"Lieutenant Colonel Iceal E. ""Gene"" Hambleton",Lieutenant George Musulin,0.2222222222222222,0,,523,"P9,P1,P3,P2"
5a7fc8d05542992e7d278d86,"Which Air Force member was behind enemy lines for 11 1/2 days and had the largest,longest and most complex rescue mission?",bridge,hard,contaminated,"Lieutenant Colonel Iceal E. ""Gene"" Hambleton",Lieutenant George Musulin.,0.2222222222222222,0,,789,"P9,P1,D0,D1"
5a7754d85542993735360234,"Who was born first, Frank I. Cobb or Joseph Pulitzer?",bridge,hard,clean,Joseph J. Pulitzer,Joseph Pulitzer.,0.8,0,1.0,343,"P2,P9,P3,P7"
5a7754d85542993735360234,"Who was born first, Frank I. Cobb or Joseph Pulitzer?",bridge,hard,remove_one,Joseph J. Pulitzer,"The evidence does not provide Frank I. Cobb’s birth date, so it cannot be determined who was born first.",0.0,0,1.0,429,"P3,P9,P7,P6"
5a7754d85542993735360234,"Who was born first, Frank I. Cobb or Joseph Pulitzer?",bridge,hard,remove_all,Joseph J. Pulitzer,The evidence does not provide enough information to determine who was born first.,0.0,0,,416,"P3,P7,P6,P5"
5a7754d85542993735360234,"Who was born first, Frank I. Cobb or Joseph Pulitzer?",bridge,hard,contaminated,Joseph J. Pulitzer,Joseph Pulitzer,0.8,0,,541,"P3,P6,P7,D1"
5ae0bc185542993d6555ec29,Penny Rae Bridges starred in a television sitcom with what other actor?,bridge,hard,clean,Ben Savage,Essence Atkins,0.0,0,0.5,290,"P7,P2,P9,P1"
5ae0bc185542993d6555ec29,Penny Rae Bridges starred in a television sitcom with what other actor?,bridge,hard,remove_one,Ben Savage,Todd Bridges,0.0,0,1.0,346,"P7,P9,P2,P6"
5ae0bc185542993d6555ec29,Penny Rae Bridges starred in a television sitcom with what other actor?,bridge,hard,remove_all,Ben Savage,Todd Bridges,0.0,0,,358,"P7,P1,P6,P9"
5ae0bc185542993d6555ec29,Penny Rae Bridges starred in a television sitcom with what other actor?,bridge,hard,contaminated,Ben Savage,Todd Bridges,0.0,0,,358,"P1,P7,P6,P9"
5a8126265542995ce29dcbc9,Which South African anti-apartheid archbishop was part of the actions against the ruling National Party government?,bridge,hard,clean,Desmond Mpilo Tutu,Desmond Mpilo Tutu,1.0,1,0.5,255,"P4,P8,P3,P9"
5a8126265542995ce29dcbc9,Which South African anti-apartheid archbishop was part of the actions against the ruling National Party government?,bridge,hard,remove_one,Desmond Mpilo Tutu,Desmond Mpilo Tutu,1.0,1,1.0,255,"P4,P8,P3,P9"
5a8126265542995ce29dcbc9,Which South African anti-apartheid archbishop was part of the actions against the ruling National Party government?,bridge,hard,remove_all,Desmond Mpilo Tutu,The evidence does not mention any South African anti-apartheid archbishop.,0.0,0,,333,"P4,P3,P6,P5"
5a8126265542995ce29dcbc9,Which South African anti-apartheid archbishop was part of the actions against the ruling National Party government?,bridge,hard,contaminated,Desmond Mpilo Tutu,No archbishop is mentioned in the evidence.,0.0,0,,247,"P4,P3,P6,P9"
5a84edf65542994c784dda8d,Black Pearl was a South Korean girl group who were known to follow the steps of what Norwegian pop music duo comprising Marit Larsen and Marion Raven?,bridge,hard,clean,M2M,M2M,1.0,1,1.0,444,"P5,P4,P0,P3"
5a84edf65542994c784dda8d,Black Pearl was a South Korean girl group who were known to follow the steps of what Norwegian pop music duo comprising Marit Larsen and Marion Raven?,bridge,hard,remove_one,M2M,M2M,1.0,1,1.0,487,"P5,P0,P3,P8"
5a84edf65542994c784dda8d,Black Pearl was a South Korean girl group who were known to follow the steps of what Norwegian pop music duo comprising Marit Larsen and Marion Raven?,bridge,hard,remove_all,M2M,M2M,1.0,1,,353,"P0,P3,P7,P6"
5a84edf65542994c784dda8d,Black Pearl was a South Korean girl group who were known to follow the steps of what Norwegian pop music duo comprising Marit Larsen and Marion Raven?,bridge,hard,contaminated,M2M,M2M,1.0,1,,507,"P0,P8,P3,P1"
5ae537895542990ba0bbb234,Where does the city situated where Kellyville Ridge is located?,bridge,hard,clean,on the Cumberland Plain,Sydney,0.0,0,0.5,231,"P8,P5,P7,P9"
5ae537895542990ba0bbb234,Where does the city situated where Kellyville Ridge is located?,bridge,hard,remove_one,on the Cumberland Plain,"Sydney, New South Wales, Australia",0.0,0,1.0,231,"P8,P5,P7,P9"
5ae537895542990ba0bbb234,Where does the city situated where Kellyville Ridge is located?,bridge,hard,remove_all,on the Cumberland Plain,Cannot be determined from the provided evidence.,0.0,0,,242,"P8,P7,P9,P6"
5ae537895542990ba0bbb234,Where does the city situated where Kellyville Ridge is located?,bridge,hard,contaminated,on the Cumberland Plain,Not enough information to determine.,0.0,0,,242,"P8,P7,P9,P6"
5abce85755429959677d6b3e,Le Rêve was created by the director behind what Cirque du Soleil production from 1998 onward?,bridge,hard,clean,O,O,1.0,1,0.5,416,"P6,P0,P3,P7"
5abce85755429959677d6b3e,Le Rêve was created by the director behind what Cirque du Soleil production from 1998 onward?,bridge,hard,remove_one,O,O,1.0,1,0.0,452,"P0,P3,P7,P8"
5abce85755429959677d6b3e,Le Rêve was created by the director behind what Cirque du Soleil production from 1998 onward?,bridge,hard,remove_all,O,O,1.0,1,,452,"P0,P3,P8,P7"
5abce85755429959677d6b3e,Le Rêve was created by the director behind what Cirque du Soleil production from 1998 onward?,bridge,hard,contaminated,O,O,1.0,1,,379,"P0,P3,P7,P4"
5ac0b8395542996f0d89cc21,"In which European language is ""Olympischerer"" an adjective?",bridge,hard,clean,German,German,1.0,1,0.5,471,"P3,P1,P6,P7"
5ac0b8395542996f0d89cc21,"In which European language is ""Olympischerer"" an adjective?",bridge,hard,remove_one,German,German,1.0,1,1.0,471,"P3,P1,P6,P7"
5ac0b8395542996f0d89cc21,"In which European language is ""Olympischerer"" an adjective?",bridge,hard,remove_all,German,German,1.0,1,,455,"P3,P1,P6,P5"
5ac0b8395542996f0d89cc21,"In which European language is ""Olympischerer"" an adjective?",bridge,hard,contaminated,German,German,1.0,1,,611,"P3,P6,D0,P5"
5a8841a35542994846c1ce69,What format does a 1170 kHz AM station that Jim Angel presented the news for have?,bridge,hard,clean,an oldies format,infotainment,0.0,0,0.5,245,"P0,P5,P9,P2"
5a8841a35542994846c1ce69,What format does a 1170 kHz AM station that Jim Angel presented the news for have?,bridge,hard,remove_one,an oldies format,Infotainment.,0.0,0,0.0,235,"P5,P9,P2,P4"
5a8841a35542994846c1ce69,What format does a 1170 kHz AM station that Jim Angel presented the news for have?,bridge,hard,remove_all,an oldies format,Infotainment.,0.0,0,,235,"P5,P9,P4,P2"
5a8841a35542994846c1ce69,What format does a 1170 kHz AM station that Jim Angel presented the news for have?,bridge,hard,contaminated,an oldies format,infotainment,0.0,0,,235,"P5,P4,P9,P2"
5ab7178f5542991d32223774,The film Navakoti Narayana was based on the life of Purandara Dasa who was born in what year?,bridge,hard,clean,1484,1484,1.0,1,1.0,360,"P5,P7,P9,P8"
5ab7178f5542991d32223774,The film Navakoti Narayana was based on the life of Purandara Dasa who was born in what year?,bridge,hard,remove_one,1484,1484,1.0,1,1.0,415,"P7,P2,P8,P9"
5ab7178f5542991d32223774,The film Navakoti Narayana was based on the life of Purandara Dasa who was born in what year?,bridge,hard,remove_all,1484,"I’m sorry, but the provided evidence does not contain the information needed to answer the question.",0.0,0,,335,"P8,P9,P2,P1"
5ab7178f5542991d32223774,The film Navakoti Narayana was based on the life of Purandara Dasa who was born in what year?,bridge,hard,contaminated,1484,1484,1.0,1,,353,"P2,P8,P9,P6"
5a893f305542993b751ca91e,"The Whitehead Light is located in what town with a population of 2,591 during the 2010 census?",bridge,hard,clean,St.George,St. George,0.0,0,1.0,325,"P7,P4,P5,P8"
5a893f305542993b751ca91e,"The Whitehead Light is located in what town with a population of 2,591 during the 2010 census?",bridge,hard,remove_one,St.George,St. George,0.0,0,1.0,339,"P7,P5,P8,P9"
5a893f305542993b751ca91e,"The Whitehead Light is located in what town with a population of 2,591 during the 2010 census?",bridge,hard,remove_all,St.George,The provided evidence does not contain the answer.,0.0,0,,344,"P5,P8,P9,P2"
5a893f305542993b751ca91e,"The Whitehead Light is located in what town with a population of 2,591 during the 2010 census?",bridge,hard,contaminated,St.George,Cannot be determined from the provided evidence.,0.0,0,,311,"P5,P9,P1,P8"
5a7147fd5542994082a3e758,When was the king that started coin production in Copenhagen born?,bridge,hard,clean,2 February 1455,The evidence does not state when King Hans was born.,0.0,0,0.5,433,"P2,P0,P7,P1"
5a7147fd5542994082a3e758,When was the king that started coin production in Copenhagen born?,bridge,hard,remove_one,2 February 1455,2 February 1455,1.0,1,1.0,680,"P2,P7,P6,P9"
5a7147fd5542994082a3e758,When was the king that started coin production in Copenhagen born?,bridge,hard,remove_all,2 February 1455,I don't know.,0.0,0,,721,"P2,P7,P9,P3"
5a7147fd5542994082a3e758,When was the king that started coin production in Copenhagen born?,bridge,hard,contaminated,2 February 1455,Not provided,0.0,0,,794,"P2,P7,D1,P9"
5ab44cd555429942dd415f10,Rafael de Souza Pereira is a defensive midfielder for what organization that is the top level of the Mexican football league system?,bridge,hard,clean,Liga MX,Tigres UANL,0.0,0,1.0,195,"P3,P7,P6,P5"
5ab44cd555429942dd415f10,Rafael de Souza Pereira is a defensive midfielder for what organization that is the top level of the Mexican football league system?,bridge,hard,remove_one,Liga MX,Querétaro Fútbol Club,0.0,0,1.0,200,"P9,P7,P6,P5"
5ab44cd555429942dd415f10,Rafael de Souza Pereira is a defensive midfielder for what organization that is the top level of the Mexican football league system?,bridge,hard,remove_all,Liga MX,Querétaro Fútbol Club.,0.0,0,,192,"P5,P6,P9,P2"
5ab44cd555429942dd415f10,Rafael de Souza Pereira is a defensive midfielder for what organization that is the top level of the Mexican football league system?,bridge,hard,contaminated,Liga MX,Querétaro Fútbol Club (Gallos Blancos de Querétaro),0.0,0,,192,"P9,P6,P5,P2"
5adf99065542992d7e9f93b0,Approximately what percent male is the student body of the University for which the Ouachita Baptist Tigers football program is the intercollegiate American football team?,bridge,hard,clean,45%,Approximately 45% male.,0.5,0,0.5,413,"P3,P2,P9,P5"
5adf99065542992d7e9f93b0,Approximately what percent male is the student body of the University for which the Ouachita Baptist Tigers football program is the intercollegiate American football team?,bridge,hard,remove_one,45%,The evidence does not provide the male percentage of Ouachita Baptist University's student body.,0.0,0,1.0,420,"P2,P9,P5,P6"
5adf99065542992d7e9f93b0,Approximately what percent male is the student body of the University for which the Ouachita Baptist Tigers football program is the intercollegiate American football team?,bridge,hard,remove_all,45%,The evidence does not provide the percentage of male students at Ouachita Baptist University.,0.0,0,,400,"P2,P9,P5,P7"
5adf99065542992d7e9f93b0,Approximately what percent male is the student body of the University for which the Ouachita Baptist Tigers football program is the intercollegiate American football team?,bridge,hard,contaminated,45%,The evidence does not provide the male percentage for Ouachita Baptist University.,0.0,0,,425,"P2,P9,P5,P1"
5adfb698554299603e418385,Who created the manga series originally serialized from 1994-1995with a superheroine?,bridge,hard,clean,Tonde Burin,Taeko Ikeda,0.0,0,0.5,307,"P1,P9,P4,P6"
5adfb698554299603e418385,Who created the manga series originally serialized from 1994-1995with a superheroine?,bridge,hard,remove_one,Tonde Burin,Taeko Ikeda,0.0,0,1.0,307,"P1,P9,P4,P6"
5adfb698554299603e418385,Who created the manga series originally serialized from 1994-1995with a superheroine?,bridge,hard,remove_all,Tonde Burin,Kotaro Mori,0.0,0,,362,"P1,P4,P6,P8"
5adfb698554299603e418385,Who created the manga series originally serialized from 1994-1995with a superheroine?,bridge,hard,contaminated,Tonde Burin,Kotaro Mori,0.0,0,,362,"P1,P4,P6,P8"
5a808cbd5542996402f6a54b,"What is the profession of Ansel Elgort's character in ""Baby Driver?""",bridge,hard,clean,getaway driver,He is a driver.,0.4,0,0.5,314,"P3,P0,P8,P2"
5a808cbd5542996402f6a54b,"What is the profession of Ansel Elgort's character in ""Baby Driver?""",bridge,hard,remove_one,getaway driver,The evidence does not specify.,0.0,0,0.0,334,"P3,P8,P2,P5"
5a808cbd5542996402f6a54b,"What is the profession of Ansel Elgort's character in ""Baby Driver?""",bridge,hard,remove_all,getaway driver,Getaway driver.,1.0,1,,334,"P3,P8,P2,P5"
5a808cbd5542996402f6a54b,"What is the profession of Ansel Elgort's character in ""Baby Driver?""",bridge,hard,contaminated,getaway driver,He is a driver (the film’s getaway driver).,0.5,0,,334,"P3,P8,P2,P5"
5a89e57f5542992e4fca845d,The people for whom pap is a staple food speak a language that is a major branch of what language family?,bridge,hard,clean,Niger–Congo,Niger–Congo.,1.0,1,1.0,678,"P8,P4,P3,P2"
5a89e57f5542992e4fca845d,The people for whom pap is a staple food speak a language that is a major branch of what language family?,bridge,hard,remove_one,Niger–Congo,Niger‑Congo language family.,0.0,0,1.0,642,"P8,P1,P3,P2"
5a89e57f5542992e4fca845d,The people for whom pap is a staple food speak a language that is a major branch of what language family?,bridge,hard,remove_all,Niger–Congo,Indo‑European,0.0,0,,401,"P9,P1,P2,P0"
5a89e57f5542992e4fca845d,The people for whom pap is a staple food speak a language that is a major branch of what language family?,bridge,hard,contaminated,Niger–Congo,Niger‑Congo language family.,0.0,0,,596,"P9,P2,P3,P1"
5adf80605542995534e8c7d2,The 2012–13 Boston Celtics season was marred by an occurence which took the lives of how many people?,bridge,hard,clean,three,3,0.0,0,0.5,581,"P6,P5,P2,P7"
5adf80605542995534e8c7d2,The 2012–13 Boston Celtics season was marred by an occurence which took the lives of how many people?,bridge,hard,remove_one,three,Three people.,0.6666666666666666,0,1.0,639,"P6,P5,P2,P8"
5adf80605542995534e8c7d2,The 2012–13 Boston Celtics season was marred by an occurence which took the lives of how many people?,bridge,hard,remove_all,three,The evidence does not contain that information.,0.0,0,,577,"P5,P2,P7,P8"
5adf80605542995534e8c7d2,The 2012–13 Boston Celtics season was marred by an occurence which took the lives of how many people?,bridge,hard,contaminated,three,The evidence does not specify.,0.0,0,,494,"P5,D1,P2,P7"
5ac0b1835542992a796ded65,"Bordan Tkachuk was the former CEO of which company, which provides IT products?",bridge,hard,clean,Viglen,Viglen.,1.0,1,0.5,470,"P5,P8,P0,P7"
5ac0b1835542992a796ded65,"Bordan Tkachuk was the former CEO of which company, which provides IT products?",bridge,hard,remove_one,Viglen,Viglen.,1.0,1,1.0,526,"P8,P5,P9,P7"
5ac0b1835542992a796ded65,"Bordan Tkachuk was the former CEO of which company, which provides IT products?",bridge,hard,remove_all,Viglen,I don't know.,0.0,0,,577,"P8,P9,P7,P0"
5ac0b1835542992a796ded65,"Bordan Tkachuk was the former CEO of which company, which provides IT products?",bridge,hard,contaminated,Viglen,No answer found in the provided evidence.,0.0,0,,577,"P8,P9,P7,P0"
5a8a03985542992e4fca84d6,When was the star of the 1982 remake of The Spider's Web appointed to Dame Commander of the Order of the British Empire (DBE)?,bridge,hard,clean,2014,I don't know.,0.0,0,0.5,287,"P7,P5,P9,P6"
5a8a03985542992e4fca84d6,When was the star of the 1982 remake of The Spider's Web appointed to Dame Commander of the Order of the British Empire (DBE)?,bridge,hard,remove_one,2014,The evidence does not specify.,0.0,0,1.0,302,"P7,P5,P0,P9"
5a8a03985542992e4fca84d6,When was the star of the 1982 remake of The Spider's Web appointed to Dame Commander of the Order of the British Empire (DBE)?,bridge,hard,remove_all,2014,1967,0.0,0,,311,"P7,P5,P0,P6"
5a8a03985542992e4fca84d6,When was the star of the 1982 remake of The Spider's Web appointed to Dame Commander of the Order of the British Empire (DBE)?,bridge,hard,contaminated,2014,1967,0.0,0,,311,"P7,P5,P0,P6"
5a7c762d55429935c91b51c7,Mike Welch attended high school that serves how many students ?,bridge,hard,clean,2200 students,2200,0.6666666666666666,0,1.0,529,"P0,P4,P1,P2"
5a7c762d55429935c91b51c7,Mike Welch attended high school that serves how many students ?,bridge,hard,remove_one,2200 students,812,0.0,0,1.0,521,"P4,P1,P2,P3"
5a7c762d55429935c91b51c7,Mike Welch attended high school that serves how many students ?,bridge,hard,remove_all,2200 students,812,0.0,0,,517,"P4,P1,P3,P7"
5a7c762d55429935c91b51c7,Mike Welch attended high school that serves how many students ?,bridge,hard,contaminated,2200 students,812,0.0,0,,517,"P4,P1,P3,P7"
5abdc18555429965af743e2b,"What is the name of the second largest car rental company, that also has another low cost car rental company it oversees?",bridge,hard,clean,Hertz,Hertz,1.0,1,0.5,226,"P3,P2,P6,P1"
5abdc18555429965af743e2b,"What is the name of the second largest car rental company, that also has another low cost car rental company it oversees?",bridge,hard,remove_one,Hertz,Enterprise Holdings,0.0,0,0.0,269,"P2,P6,P1,P7"
5abdc18555429965af743e2b,"What is the name of the second largest car rental company, that also has another low cost car rental company it oversees?",bridge,hard,remove_all,Hertz,Sixt SE,0.0,0,,269,"P2,P1,P6,P7"
5abdc18555429965af743e2b,"What is the name of the second largest car rental company, that also has another low cost car rental company it oversees?",bridge,hard,contaminated,Hertz,"Enterprise Holdings, Inc.",0.0,0,,269,"P2,P1,P6,P7"
5a84f06f5542994c784dda92,What type of community does Bob Hope Airport and Boeing Field have in common?,comparison,hard,clean,public,General aviation community.,0.0,0,0.5,351,"P8,P0,P2,P4"
5a84f06f5542994c784dda92,What type of community does Bob Hope Airport and Boeing Field have in common?,comparison,hard,remove_one,public,A public‑airport community.,0.0,0,1.0,378,"P8,P2,P4,P9"
5a84f06f5542994c784dda92,What type of community does Bob Hope Airport and Boeing Field have in common?,comparison,hard,remove_all,public,Aviation community.,0.0,0,,265,"P8,P4,P6,P3"
5a84f06f5542994c784dda92,What type of community does Bob Hope Airport and Boeing Field have in common?,comparison,hard,contaminated,public,An aviation community.,0.0,0,,336,"P8,P4,P2,P1"
5ae54b3d5542990ba0bbb260,Are both American Foxhound and Löwchen types of Foxhounds?,comparison,hard,clean,no,No.,1.0,1,1.0,234,"P6,P3,P1,P7"
5ae54b3d5542990ba0bbb260,Are both American Foxhound and Löwchen types of Foxhounds?,comparison,hard,remove_one,no,No.,1.0,1,1.0,341,"P6,P3,P7,P9"
5ae54b3d5542990ba0bbb260,Are both American Foxhound and Löwchen types of Foxhounds?,comparison,hard,remove_all,no,"No. The American Foxhound is a type of foxhound, but there is no evidence that the Löwchen is a type of foxhound.",0.10526315789473684,0,,386,"P9,P3,P7,P4"
5ae54b3d5542990ba0bbb260,Are both American Foxhound and Löwchen types of Foxhounds?,comparison,hard,contaminated,no,No.,1.0,1,,453,"P3,P7,P9,D1"
5ac44b47554299194317396c,"Which became a Cathedral first St Chad's Cathedral, Birmingham or Chelmsford Cathedral?",comparison,hard,clean,Metropolitan Cathedral Church and Basilica of Saint Chad,"St Chad’s Cathedral, Birmingham.",0.16666666666666666,0,0.5,394,"P2,P9,P3,P0"
5ac44b47554299194317396c,"Which became a Cathedral first St Chad's Cathedral, Birmingham or Chelmsford Cathedral?",comparison,hard,remove_one,Metropolitan Cathedral Church and Basilica of Saint Chad,"St Chad’s Cathedral, Birmingham.",0.16666666666666666,0,1.0,438,"P2,P9,P3,P6"
5ac44b47554299194317396c,"Which became a Cathedral first St Chad's Cathedral, Birmingham or Chelmsford Cathedral?",comparison,hard,remove_all,Metropolitan Cathedral Church and Basilica of Saint Chad,"St Chad’s Cathedral, Birmingham.",0.16666666666666666,0,,345,"P0,P6,P2,P3"
5ac44b47554299194317396c,"Which became a Cathedral first St Chad's Cathedral, Birmingham or Chelmsford Cathedral?",comparison,hard,contaminated,Metropolitan Cathedral Church and Basilica of Saint Chad,"St Chad’s Cathedral, Birmingham.",0.16666666666666666,0,,319,"P0,P6,P5,P3"
5abeb91c5542994516f45400,"Which of the following bands is considered ""one of the most accomplished and creative Christian bands of the '90s"": Poor Old Lu or Shudder to Think?",comparison,hard,clean,Poor Old Lu,Poor Old Lu,1.0,1,0.5,285,"P9,P4,P1,P5"
5abeb91c5542994516f45400,"Which of the following bands is considered ""one of the most accomplished and creative Christian bands of the '90s"": Poor Old Lu or Shudder to Think?",comparison,hard,remove_one,Poor Old Lu,Poor Old Lu,1.0,1,1.0,285,"P9,P4,P1,P5"
5abeb91c5542994516f45400,"Which of the following bands is considered ""one of the most accomplished and creative Christian bands of the '90s"": Poor Old Lu or Shudder to Think?",comparison,hard,remove_all,Poor Old Lu,Poor Old Lu,1.0,1,,252,"P4,P1,P5,P2"
5abeb91c5542994516f45400,"Which of the following bands is considered ""one of the most accomplished and creative Christian bands of the '90s"": Poor Old Lu or Shudder to Think?",comparison,hard,contaminated,Poor Old Lu,Poor Old Lu,1.0,1,,284,"P4,P1,P5,D0"
5a75d35d5542992d0ec05ffe,"Which pizza shop opened first, Toppers Pizza or America's Incredible Pizza Company?",comparison,hard,clean,Toppers Pizza,Toppers Pizza.,1.0,1,1.0,210,"P5,P0,P6,P3"
5a75d35d5542992d0ec05ffe,"Which pizza shop opened first, Toppers Pizza or America's Incredible Pizza Company?",comparison,hard,remove_one,Toppers Pizza,Toppers Pizza opened first.,0.6666666666666666,0,1.0,209,"P5,P6,P3,P4"
5a75d35d5542992d0ec05ffe,"Which pizza shop opened first, Toppers Pizza or America's Incredible Pizza Company?",comparison,hard,remove_all,Toppers Pizza,America's Incredible Pizza Company.,0.3333333333333333,0,,254,"P5,P3,P4,P9"
5a75d35d5542992d0ec05ffe,"Which pizza shop opened first, Toppers Pizza or America's Incredible Pizza Company?",comparison,hard,contaminated,Toppers Pizza,America's Incredible Pizza Company opened first.,0.25,0,,254,"P5,P3,P4,P9"
5ac19b2c55429963665198b6,"Which park is further south within Spain, Picos de Europa National Park or Timanfaya National Park?",comparison,hard,clean,Timanfaya National Park,Timanfaya National Park.,1.0,1,1.0,237,"P1,P8,P5,P0"
5ac19b2c55429963665198b6,"Which park is further south within Spain, Picos de Europa National Park or Timanfaya National Park?",comparison,hard,remove_one,Timanfaya National Park,Timanfaya National Park.,1.0,1,1.0,218,"P8,P0,P5,P2"
5ac19b2c55429963665198b6,"Which park is further south within Spain, Picos de Europa National Park or Timanfaya National Park?",comparison,hard,remove_all,Timanfaya National Park,Cannot be determined from the evidence.,0.0,0,,203,"P0,P5,P2,P3"
5ac19b2c55429963665198b6,"Which park is further south within Spain, Picos de Europa National Park or Timanfaya National Park?",comparison,hard,contaminated,Timanfaya National Park,The evidence does not provide enough information to determine which park is further south.,0.125,0,,203,"P0,P5,P2,P3"
5a7a06525542990198eaf04f,Who was born first David Draiman or Terry Kath?,comparison,hard,clean,David Michael Draiman,Terry Kath,0.0,0,0.5,418,"P4,P5,P6,P7"
5a7a06525542990198eaf04f,Who was born first David Draiman or Terry Kath?,comparison,hard,remove_one,David Michael Draiman,Terry Kath,0.0,0,1.0,418,"P4,P5,P7,P6"
5a7a06525542990198eaf04f,Who was born first David Draiman or Terry Kath?,comparison,hard,remove_all,David Michael Draiman,Terry Kath,0.0,0,,512,"P7,P4,P5,P8"
5a7a06525542990198eaf04f,Who was born first David Draiman or Terry Kath?,comparison,hard,contaminated,David Michael Draiman,Terry Kath,0.0,0,,512,"P7,P4,P5,P8"
5abb1e1b5542992ccd8e7f19,José Saramago and Ivo Andrić were recipients of what award in Literature?,comparison,hard,clean,Nobel Prize in Literature,Nobel Prize in Literature,1.0,1,0.5,310,"P2,P3,P0,P5"
5abb1e1b5542992ccd8e7f19,José Saramago and Ivo Andrić were recipients of what award in Literature?,comparison,hard,remove_one,Nobel Prize in Literature,Nobel Prize in Literature,1.0,1,0.0,348,"P0,P5,P3,P7"
5abb1e1b5542992ccd8e7f19,José Saramago and Ivo Andrić were recipients of what award in Literature?,comparison,hard,remove_all,Nobel Prize in Literature,Nobel Prize in Literature,1.0,1,,348,"P0,P5,P3,P7"
5abb1e1b5542992ccd8e7f19,José Saramago and Ivo Andrić were recipients of what award in Literature?,comparison,hard,contaminated,Nobel Prize in Literature,Nobel Prize in Literature,1.0,1,,348,"P0,P5,P3,P7"
5adfda9655429925eb1afac0,"Which band, A Silent Film or The Frames, has more members?",comparison,hard,clean,The Frames,Cannot be determined from the evidence.,0.0,0,0.5,367,"P9,P7,P6,P3"
5adfda9655429925eb1afac0,"Which band, A Silent Film or The Frames, has more members?",comparison,hard,remove_one,The Frames,"The evidence does not provide the number of members in The Frames, so the comparison cannot be made.",0.13333333333333333,0,1.0,367,"P9,P7,P3,P6"
5adfda9655429925eb1afac0,"Which band, A Silent Film or The Frames, has more members?",comparison,hard,remove_all,The Frames,Cannot be determined from the given evidence.,0.0,0,,374,"P9,P7,P4,P6"
5adfda9655429925eb1afac0,"Which band, A Silent Film or The Frames, has more members?",comparison,hard,contaminated,The Frames,The evidence does not provide enough information to determine which band has more members.,0.0,0,,414,"P9,P7,D1,P6"
5ac19ff65542994d76dcce8f,Is The Devils of Loudun and Maskarade both operas?,comparison,hard,clean,yes,Yes.,1.0,1,1.0,246,"P6,P7,P2,P3"
5ac19ff65542994d76dcce8f,Is The Devils of Loudun and Maskarade both operas?,comparison,hard,remove_one,yes,No.,0.0,0,1.0,225,"P2,P9,P3,P7"
5ac19ff65542994d76dcce8f,Is The Devils of Loudun and Maskarade both operas?,comparison,hard,remove_all,yes,No.,0.0,0,,205,"P2,P9,P3,P8"
5ac19ff65542994d76dcce8f,Is The Devils of Loudun and Maskarade both operas?,comparison,hard,contaminated,yes,No.,0.0,0,,307,"P2,P9,P3,D1"
5ab5b6c1554299637185c5e5,Did Franki Valli sing with Hellogoodbye or The Four Seasons?,comparison,hard,clean,The Four Seasons,The Four Seasons.,1.0,1,1.0,398,"P7,P4,P9,P3"
5ab5b6c1554299637185c5e5,Did Franki Valli sing with Hellogoodbye or The Four Seasons?,comparison,hard,remove_one,The Four Seasons,The Four Seasons.,1.0,1,1.0,409,"P7,P4,P9,P5"
5ab5b6c1554299637185c5e5,Did Franki Valli sing with Hellogoodbye or The Four Seasons?,comparison,hard,remove_all,The Four Seasons,The Four Seasons,1.0,1,,346,"P4,P9,P5,P2"
5ab5b6c1554299637185c5e5,Did Franki Valli sing with Hellogoodbye or The Four Seasons?,comparison,hard,contaminated,The Four Seasons,The Four Seasons.,1.0,1,,427,"P4,P9,D0,P5"
5ab611cc5542992aa134a411,What professions did S. Sylvan Simon and Danny Cannon have in common?,comparison,hard,clean,director and producer,Director and producer.,1.0,1,1.0,84,"P9,P7,P2,P3"
5ab611cc5542992aa134a411,What professions did S. Sylvan Simon and Danny Cannon have in common?,comparison,hard,remove_one,director and producer,Director,0.5,0,1.0,123,"P9,P7,P0,P3"
5ab611cc5542992aa134a411,What professions did S. Sylvan Simon and Danny Cannon have in common?,comparison,hard,remove_all,director and producer,Film director.,0.4,0,,133,"P7,P3,P6,P1"
5ab611cc5542992aa134a411,What professions did S. Sylvan Simon and Danny Cannon have in common?,comparison,hard,contaminated,director and producer,The evidence does not provide information about Danny Cannon’s profession.,0.0,0,,178,"P7,P0,P8,P3"
5ab7ff1d5542990e739ec7b9,"Which American rock band is from Chapel Hill, North Carolina - Polvo or The Black Keys?",comparison,hard,clean,Polvo,Polvo,1.0,1,1.0,384,"P1,P0,P3,P7"
5ab7ff1d5542990e739ec7b9,"Which American rock band is from Chapel Hill, North Carolina - Polvo or The Black Keys?",comparison,hard,remove_one,Polvo,Polvo,1.0,1,1.0,423,"P1,P3,P7,P5"
5ab7ff1d5542990e739ec7b9,"Which American rock band is from Chapel Hill, North Carolina - Polvo or The Black Keys?",comparison,hard,remove_all,Polvo,Cannot be determined from the evidence.,0.0,0,,488,"P3,P7,P4,P5"
5ab7ff1d5542990e739ec7b9,"Which American rock band is from Chapel Hill, North Carolina - Polvo or The Black Keys?",comparison,hard,contaminated,Polvo,I don't know based on the provided evidence.,0.0,0,,439,"P3,P8,P7,P4"
5a7dca645542990b8f503aab,"Who was born first, Anaïs Lameche or Darren Hayes?",comparison,hard,clean,Darren Stanley Hayes,"The evidence does not provide Darren Hayes’s birthdate, so it cannot be determined from the given information who was born first.",0.09090909090909091,0,0.5,608,"P3,P9,P8,P0"
5a7dca645542990b8f503aab,"Who was born first, Anaïs Lameche or Darren Hayes?",comparison,hard,remove_one,Darren Stanley Hayes,"The evidence does not provide Darren Hayes’ birth date, so it cannot determine who was born first.",0.10526315789473684,0,1.0,608,"P3,P9,P8,P0"
5a7dca645542990b8f503aab,"Who was born first, Anaïs Lameche or Darren Hayes?",comparison,hard,remove_all,Darren Stanley Hayes,The evidence does not provide enough information to determine who was born first.,0.0,0,,667,"P9,P8,P7,P5"
5a7dca645542990b8f503aab,"Who was born first, Anaïs Lameche or Darren Hayes?",comparison,hard,contaminated,Darren Stanley Hayes,The evidence does not provide enough information to determine who was born first.,0.0,0,,667,"P9,P7,P8,P5"
5a81d54a55429903bc27b9d4,Were Jeff Martin and Kyle Patrick both in The Click Five?,comparison,hard,clean,no,No.,1.0,1,0.5,311,"P3,P2,P7,P9"
5a81d54a55429903bc27b9d4,Were Jeff Martin and Kyle Patrick both in The Click Five?,comparison,hard,remove_one,no,No.,1.0,1,1.0,311,"P2,P3,P7,P9"
5a81d54a55429903bc27b9d4,Were Jeff Martin and Kyle Patrick both in The Click Five?,comparison,hard,remove_all,no,No.,1.0,1,,285,"P2,P3,P9,P1"
5a81d54a55429903bc27b9d4,Were Jeff Martin and Kyle Patrick both in The Click Five?,comparison,hard,contaminated,no,No.,1.0,1,,285,"P2,P3,P1,P9"
5ae0536755429924de1b70a6,"Are both genera Silphium and Heliotropium, genera of flowering plants ?",comparison,hard,clean,yes,No.,0.0,0,0.0,314,"P5,P2,P6,P1"
5ae0536755429924de1b70a6,"Are both genera Silphium and Heliotropium, genera of flowering plants ?",comparison,hard,remove_one,yes,No.,0.0,0,0.0,303,"P2,P5,P6,P0"
5ae0536755429924de1b70a6,"Are both genera Silphium and Heliotropium, genera of flowering plants ?",comparison,hard,remove_all,yes,No.,0.0,0,,314,"P2,P5,P6,P1"
5ae0536755429924de1b70a6,"Are both genera Silphium and Heliotropium, genera of flowering plants ?",comparison,hard,contaminated,yes,No.,0.0,0,,295,"P2,P5,D1,P6"
5a77720255429967ab10517f,"In what year did both Orson Scott Card's novel ""Ender's Game"" and Keri Hulme's ""The Bone People"" come out?",comparison,hard,clean,1985,1985,1.0,1,1.0,186,"P9,P0,P3,P1"
5a77720255429967ab10517f,"In what year did both Orson Scott Card's novel ""Ender's Game"" and Keri Hulme's ""The Bone People"" come out?",comparison,hard,remove_one,1985,I cannot answer the question based on the provided evidence.,0.0,0,1.0,287,"P9,P3,P6,P1"
5a77720255429967ab10517f,"In what year did both Orson Scott Card's novel ""Ender's Game"" and Keri Hulme's ""The Bone People"" come out?",comparison,hard,remove_all,1985,There is no year in which both works were released.,0.0,0,,320,"P3,P6,P1,P5"
5a77720255429967ab10517f,"In what year did both Orson Scott Card's novel ""Ender's Game"" and Keri Hulme's ""The Bone People"" come out?",comparison,hard,contaminated,1985,There is no year in which both novels were released.,0.0,0,,402,"P3,D0,P6,P1"
5a812cd555429926c1cdacfc,"Which drink is larger, the Apple-Kneel or the Flaming volcano?",comparison,hard,clean,The flaming volcano,The Flaming volcano.,1.0,1,1.0,347,"P8,P5,P0,P1"
5a812cd555429926c1cdacfc,"Which drink is larger, the Apple-Kneel or the Flaming volcano?",comparison,hard,remove_one,The flaming volcano,Apple‑Kneel,0.0,0,1.0,374,"P8,P5,P1,P6"
5a812cd555429926c1cdacfc,"Which drink is larger, the Apple-Kneel or the Flaming volcano?",comparison,hard,remove_all,The flaming volcano,The evidence does not provide enough information to determine which drink is larger.,0.0,0,,385,"P5,P6,P9,P1"
5a812cd555429926c1cdacfc,"Which drink is larger, the Apple-Kneel or the Flaming volcano?",comparison,hard,contaminated,The flaming volcano,The evidence does not provide enough information to determine which drink is larger.,0.0,0,,578,"P5,D0,D1,P3"
5a77a7db5542995d8318124d,"Which author was born first, Josephine Tey or Julia Peterkin?",comparison,hard,clean,Julia Peterkin,Julia Peterkin,1.0,1,1.0,220,"P4,P1,P3,P2"
5a77a7db5542995d8318124d,"Which author was born first, Josephine Tey or Julia Peterkin?",comparison,hard,remove_one,Julia Peterkin,"The evidence does not provide Julia Peterkin’s birth date, so it cannot be determined from the given information which author was born first.",0.08695652173913042,0,1.0,251,"P4,P1,P8,P2"
5a77a7db5542995d8318124d,"Which author was born first, Josephine Tey or Julia Peterkin?",comparison,hard,remove_all,Julia Peterkin,Julia Peterkin.,1.0,1,,298,"P1,P2,P8,P7"
5a77a7db5542995d8318124d,"Which author was born first, Josephine Tey or Julia Peterkin?",comparison,hard,contaminated,Julia Peterkin,Cannot answer based on the given evidence.,0.0,0,,346,"P1,D0,P8,P2"
5a8481945542997175ce1ed3,Are Steve Perry and Leslie West both singers?,comparison,hard,clean,yes,No.,0.0,0,0.5,259,"P5,P2,P9,P7"
5a8481945542997175ce1ed3,Are Steve Perry and Leslie West both singers?,comparison,hard,remove_one,yes,No.,0.0,0,0.0,242,"P7,P5,P9,P3"
5a8481945542997175ce1ed3,Are Steve Perry and Leslie West both singers?,comparison,hard,remove_all,yes,No.,0.0,0,,252,"P5,P7,P9,P4"
5a8481945542997175ce1ed3,Are Steve Perry and Leslie West both singers?,comparison,hard,contaminated,yes,Yes.,1.0,1,,313,"P5,P4,P0,P7"
5a7cc50e554299452d57ba3e,"Which band, Letters to Cleo or Screaming Trees, had more members?",comparison,hard,clean,Letters to Cleo,Letters to Cleo.,1.0,1,0.5,468,"P0,P8,P4,P3"
5a7cc50e554299452d57ba3e,"Which band, Letters to Cleo or Screaming Trees, had more members?",comparison,hard,remove_one,Letters to Cleo,Screaming Trees.,0.0,0,1.0,497,"P8,P4,P3,P7"
5a7cc50e554299452d57ba3e,"Which band, Letters to Cleo or Screaming Trees, had more members?",comparison,hard,remove_all,Letters to Cleo,Cannot be determined from the evidence.,0.0,0,,529,"P8,P4,P9,P3"
5a7cc50e554299452d57ba3e,"Which band, Letters to Cleo or Screaming Trees, had more members?",comparison,hard,contaminated,Letters to Cleo,Screaming Trees.,0.0,0,,529,"P8,P4,P3,P9"
5a7fe0b55542994857a76818,"Are The Maine and Black both from Tempe, Arizona?",comparison,hard,clean,no,No.,1.0,1,1.0,350,"P8,P3,P1,P4"
5a7fe0b55542994857a76818,"Are The Maine and Black both from Tempe, Arizona?",comparison,hard,remove_one,no,No.,1.0,1,1.0,430,"P8,P3,P4,P7"
5a7fe0b55542994857a76818,"Are The Maine and Black both from Tempe, Arizona?",comparison,hard,remove_all,no,No,1.0,1,,384,"P8,P4,P9,P7"
5a7fe0b55542994857a76818,"Are The Maine and Black both from Tempe, Arizona?",comparison,hard,contaminated,no,No,1.0,1,,386,"P8,D0,P4,P9"
5ab2b2a7554299295394681d,Have filmmakers Brent Hodge and Ayoub Qanir both received awards for their work?,comparison,hard,clean,yes,Yes.,1.0,1,1.0,356,"P6,P9,P5,P1"
5ab2b2a7554299295394681d,Have filmmakers Brent Hodge and Ayoub Qanir both received awards for their work?,comparison,hard,remove_one,yes,No.,0.0,0,1.0,304,"P9,P5,P1,P0"
5ab2b2a7554299295394681d,Have filmmakers Brent Hodge and Ayoub Qanir both received awards for their work?,comparison,hard,remove_all,yes,No.,0.0,0,,237,"P5,P3,P0,P7"
5ab2b2a7554299295394681d,Have filmmakers Brent Hodge and Ayoub Qanir both received awards for their work?,comparison,hard,contaminated,yes,No.,0.0,0,,272,"P5,P0,P7,P1"
5ab1d7ac554299449642c7e6,"Which genus has more species, Xanthoceras or Ehretia?",comparison,hard,clean,Ehretia,Ehretia,1.0,1,1.0,89,"P0,P1"
5ab1d7ac554299449642c7e6,"Which genus has more species, Xanthoceras or Ehretia?",comparison,hard,remove_one,Ehretia,Cannot be determined from the evidence.,0.0,0,1.0,28,P1
5ab1d7ac554299449642c7e6,"Which genus has more species, Xanthoceras or Ehretia?",comparison,hard,remove_all,Ehretia,Cannot answer the question based on the provided evidence.,0.0,0,,0,
5ab1d7ac554299449642c7e6,"Which genus has more species, Xanthoceras or Ehretia?",comparison,hard,contaminated,Ehretia,Cannot be determined from the evidence.,0.0,0,,157,"D1,D0"
5a7a77425542995eb53be83e,"Who has released more solo albums, Nick Carter or Brady Seals?",comparison,hard,clean,Brady Seals,Brady Seals,1.0,1,1.0,371,"P5,P3,P8,P1"
5a7a77425542995eb53be83e,"Who has released more solo albums, Nick Carter or Brady Seals?",comparison,hard,remove_one,Brady Seals,They have each released the same number of solo albums.,0.0,0,1.0,294,"P5,P9,P2,P0"
5a7a77425542995eb53be83e,"Who has released more solo albums, Nick Carter or Brady Seals?",comparison,hard,remove_all,Brady Seals,Brady Seals,1.0,1,,210,"P8,P1,P4,P9"
5a7a77425542995eb53be83e,"Who has released more solo albums, Nick Carter or Brady Seals?",comparison,hard,contaminated,Brady Seals,I don't know.,0.0,0,,301,"D0,P8,P1,P4"
5adc393f5542996e685252e7,What occupations are shared by Maher Sabry and Til Schweiger?,comparison,hard,clean,"director, and producer",film director; producer; screenwriter,0.5714285714285715,0,0.5,190,"P9,P2,P0,P5"
5adc393f5542996e685252e7,What occupations are shared by Maher Sabry and Til Schweiger?,comparison,hard,remove_one,"director, and producer",Film director; producer; screenwriter (writer),0.5,0,1.0,190,"P9,P2,P0,P5"
5adc393f5542996e685252e7,What occupations are shared by Maher Sabry and Til Schweiger?,comparison,hard,remove_all,"director, and producer",Director,0.5,0,,220,"P2,P0,P5,P6"
5adc393f5542996e685252e7,What occupations are shared by Maher Sabry and Til Schweiger?,comparison,hard,contaminated,"director, and producer",Director,0.5,0,,220,"P2,P0,P5,P6"
5abf08985542997719eab625,"Which band was formed first, Circus Diablo or Magic Dirt?",comparison,hard,clean,Magic Dirt,Magic Dirt,1.0,1,1.0,363,"P7,P3,P1,P5"
5abf08985542997719eab625,"Which band was formed first, Circus Diablo or Magic Dirt?",comparison,hard,remove_one,Magic Dirt,Magic Dirt,1.0,1,1.0,274,"P7,P5,P1,P4"
5abf08985542997719eab625,"Which band was formed first, Circus Diablo or Magic Dirt?",comparison,hard,remove_all,Magic Dirt,Magic Dirt.,1.0,1,,259,"P1,P5,P4,P6"
5abf08985542997719eab625,"Which band was formed first, Circus Diablo or Magic Dirt?",comparison,hard,contaminated,Magic Dirt,Magic Dirt.,1.0,1,,345,"P1,P5,D0,D1"
5ae4ebeb55429908b63264bb,"Are Jiujiang, Guangdong and Ruzhou located in the same Chinese district?",comparison,hard,clean,no,No.,1.0,1,0.5,361,"P7,P6,P9,P5"
5ae4ebeb55429908b63264bb,"Are Jiujiang, Guangdong and Ruzhou located in the same Chinese district?",comparison,hard,remove_one,no,No.,1.0,1,1.0,467,"P7,P6,P2,P9"
5ae4ebeb55429908b63264bb,"Are Jiujiang, Guangdong and Ruzhou located in the same Chinese district?",comparison,hard,remove_all,no,No.,1.0,1,,616,"P7,P9,P2,P5"
5ae4ebeb55429908b63264bb,"Are Jiujiang, Guangdong and Ruzhou located in the same Chinese district?",comparison,hard,contaminated,no,No.,1.0,1,,586,"P7,D0,P9,P2"
5ab5d2ac5542992aa134a3a6,Tom Araya and Marcus Mumford were both what?,comparison,hard,clean,musician,They were both musicians.,0.0,0,0.5,181,"P1,P3,P7,P9"
5ab5d2ac5542992aa134a3a6,Tom Araya and Marcus Mumford were both what?,comparison,hard,remove_one,musician,musicians,0.0,0,0.0,287,"P7,P9,P3,P4"
5ab5d2ac5542992aa134a3a6,Tom Araya and Marcus Mumford were both what?,comparison,hard,remove_all,musician,musicians,0.0,0,,287,"P7,P3,P9,P4"
5ab5d2ac5542992aa134a3a6,Tom Araya and Marcus Mumford were both what?,comparison,hard,contaminated,musician,musicians,0.0,0,,412,"P3,P7,P4,D1"
5ae074aa5542993d6555eb54,Are Ash Lieb and Elswyth Thane both artists?,comparison,hard,clean,no,No.,1.0,1,1.0,303,"P5,P1,P4,P2"
5ae074aa5542993d6555eb54,Are Ash Lieb and Elswyth Thane both artists?,comparison,hard,remove_one,no,No.,1.0,1,1.0,250,"P5,P2,P4,P8"
5ae074aa5542993d6555eb54,Are Ash Lieb and Elswyth Thane both artists?,comparison,hard,remove_all,no,No.,1.0,1,,281,"P5,P2,P8,P0"
5ae074aa5542993d6555eb54,Are Ash Lieb and Elswyth Thane both artists?,comparison,hard,contaminated,no,No.,1.0,1,,281,"P5,P2,P8,P0"
5ade5a645542997c77adee0d,"Which city is at coastal county-level, Wenling or Ruili?",comparison,hard,clean,Wenling,Wenling.,1.0,1,0.5,414,"P4,P7,P5,P0"
5ade5a645542997c77adee0d,"Which city is at coastal county-level, Wenling or Ruili?",comparison,hard,remove_one,Wenling,Wenling,1.0,1,1.0,414,"P4,P5,P7,P0"
5ade5a645542997c77adee0d,"Which city is at coastal county-level, Wenling or Ruili?",comparison,hard,remove_all,Wenling,Wenling,1.0,1,,442,"P4,P5,P0,P3"
5ade5a645542997c77adee0d,"Which city is at coastal county-level, Wenling or Ruili?",comparison,hard,contaminated,Wenling,Wenling.,1.0,1,,526,"P4,P5,D0,P3"
5aba637a55429939ce03dcbb,Are Brooklyn and Tower 49 both part of New York City?,comparison,hard,clean,yes,Yes.,1.0,1,0.5,512,"P2,P5,P4,P0"
5aba637a55429939ce03dcbb,Are Brooklyn and Tower 49 both part of New York City?,comparison,hard,remove_one,yes,No.,0.0,0,0.0,542,"P5,P4,P0,P9"
5aba637a55429939ce03dcbb,Are Brooklyn and Tower 49 both part of New York City?,comparison,hard,remove_all,yes,No.,0.0,0,,542,"P5,P4,P0,P9"
5aba637a55429939ce03dcbb,Are Brooklyn and Tower 49 both part of New York City?,comparison,hard,contaminated,yes,No.,0.0,0,,542,"P5,P4,P0,P9"
5a7f010955429934daa2fc8b,Were Basil Dean and Francis Ford Coppola both alive at some point in time?,comparison,hard,clean,yes,It cannot be determined from the provided evidence.,0.0,0,0.0,203,"P5,P4,P9,P7"
5a7f010955429934daa2fc8b,Were Basil Dean and Francis Ford Coppola both alive at some point in time?,comparison,hard,remove_one,yes,No.,0.0,0,0.0,203,"P5,P7,P9,P4"
5a7f010955429934daa2fc8b,Were Basil Dean and Francis Ford Coppola both alive at some point in time?,comparison,hard,remove_all,yes,No.,0.0,0,,300,"P5,P1,P7,P3"
5a7f010955429934daa2fc8b,Were Basil Dean and Francis Ford Coppola both alive at some point in time?,comparison,hard,contaminated,yes,Unknown.,0.0,0,,395,"D1,P5,P7,P3"
5a78d16455429974737f78bb,"Between two scientists Ernst Messerschmid and Philippe Perrin, who is older?",comparison,hard,clean,Ernst Willi Messerschmid,Ernst Messerschmid,0.8,0,1.0,132,"P9,P1,P6,P7"
5a78d16455429974737f78bb,"Between two scientists Ernst Messerschmid and Philippe Perrin, who is older?",comparison,hard,remove_one,Ernst Willi Messerschmid,Cannot be determined from the given evidence.,0.0,0,1.0,167,"P9,P6,P7,P0"
5a78d16455429974737f78bb,"Between two scientists Ernst Messerschmid and Philippe Perrin, who is older?",comparison,hard,remove_all,Ernst Willi Messerschmid,Cannot be determined from the provided evidence.,0.0,0,,220,"P9,P6,P0,P2"
5a78d16455429974737f78bb,"Between two scientists Ernst Messerschmid and Philippe Perrin, who is older?",comparison,hard,contaminated,Ernst Willi Messerschmid,It cannot be determined from the provided evidence.,0.0,0,,220,"P9,P6,P0,P2"
5a85d4ad5542997175ce2050,Jim Sharman and Ava DuVernay both share what title concerning their actions leading actors in film or stage?,comparison,hard,clean,director,Director,1.0,1,0.0,332,"P8,P3,P2,P6"
5a85d4ad5542997175ce2050,Jim Sharman and Ava DuVernay both share what title concerning their actions leading actors in film or stage?,comparison,hard,remove_one,director,Director,1.0,1,0.0,308,"P8,P3,P2,P1"
5a85d4ad5542997175ce2050,Jim Sharman and Ava DuVernay both share what title concerning their actions leading actors in film or stage?,comparison,hard,remove_all,director,Director,1.0,1,,387,"P8,P3,P1,P6"
5a85d4ad5542997175ce2050,Jim Sharman and Ava DuVernay both share what title concerning their actions leading actors in film or stage?,comparison,hard,contaminated,director,Director,1.0,1,,384,"P8,D0,P1,P3"
5abc550e554299700f9d7870,Are Lochner v. New York and Cooley v. Board of Wardens both Supreme Court cases dealing with labor laws?,comparison,hard,clean,no,"No. Only Lochner v. New York is a Supreme Court labor‑law case; Cooley v. Board of Wardens concerns a state pilot‑regulation law under the Commerce Clause, not labor law.",0.07407407407407407,0,1.0,657,"P9,P6,P1,P0"
5abc550e554299700f9d7870,Are Lochner v. New York and Cooley v. Board of Wardens both Supreme Court cases dealing with labor laws?,comparison,hard,remove_one,no,No.,1.0,1,1.0,644,"P9,P1,P0,P3"
5abc550e554299700f9d7870,Are Lochner v. New York and Cooley v. Board of Wardens both Supreme Court cases dealing with labor laws?,comparison,hard,remove_all,no,No.,1.0,1,,754,"P0,P1,P3,P7"
5abc550e554299700f9d7870,Are Lochner v. New York and Cooley v. Board of Wardens both Supreme Court cases dealing with labor laws?,comparison,hard,contaminated,no,No.,1.0,1,,746,"P0,P1,P3,P2"
5ac24cc45542996366519963,Both Andrew and Jeremy Get Married and The Last Lions are what type of films?,comparison,hard,clean,documentary film,Documentary films.,0.5,0,1.0,300,"P8,P0,P5,P7"
5ac24cc45542996366519963,Both Andrew and Jeremy Get Married and The Last Lions are what type of films?,comparison,hard,remove_one,documentary film,Documentary films.,0.5,0,1.0,306,"P8,P0,P5,P1"
5ac24cc45542996366519963,Both Andrew and Jeremy Get Married and The Last Lions are what type of films?,comparison,hard,remove_all,documentary film,Documentary films.,0.5,0,,302,"P0,P5,P1,P3"
5ac24cc45542996366519963,Both Andrew and Jeremy Get Married and The Last Lions are what type of films?,comparison,hard,contaminated,documentary film,The evidence does not state the type of films.,0.0,0,,302,"P0,P5,P1,P3"
5a8bde565542995d1e6f1454,Which airport Grand Forks International Airport or El Paso International Airport is closer to their town ?,comparison,hard,clean,El Paso International Airport,El Paso International Airport.,1.0,1,0.0,563,"P8,P4,P5,P0"
5a8bde565542995d1e6f1454,Which airport Grand Forks International Airport or El Paso International Airport is closer to their town ?,comparison,hard,remove_one,El Paso International Airport,Grand Forks International Airport.,0.5,0,1.0,569,"P8,P4,P5,P7"
5a8bde565542995d1e6f1454,Which airport Grand Forks International Airport or El Paso International Airport is closer to their town ?,comparison,hard,remove_all,El Paso International Airport,Grand Forks International Airport.,0.5,0,,645,"P8,P4,P1,P5"
5a8bde565542995d1e6f1454,Which airport Grand Forks International Airport or El Paso International Airport is closer to their town ?,comparison,hard,contaminated,El Paso International Airport,Insufficient information.,0.0,0,,519,"P8,D1,P6,P1"
5ae2120e5542997283cd23ad,Are Distortion Mirrors and OK Go both considered rock bands?,comparison,hard,clean,yes,Yes.,1.0,1,1.0,355,"P1,P6,P2,P3"
5ae2120e5542997283cd23ad,Are Distortion Mirrors and OK Go both considered rock bands?,comparison,hard,remove_one,yes,No.,0.0,0,1.0,355,"P6,P2,P3,P5"
5ae2120e5542997283cd23ad,Are Distortion Mirrors and OK Go both considered rock bands?,comparison,hard,remove_all,yes,No. Only OK Go is confirmed as a rock band.,0.0,0,,316,"P6,P3,P5,P8"
5ae2120e5542997283cd23ad,Are Distortion Mirrors and OK Go both considered rock bands?,comparison,hard,contaminated,yes,No. Only OK Go is identified as a rock band in the evidence.,0.0,0,,360,"P6,P9,P3,P5"
5adc6f6255429947ff173961,"Which plant genus is part of a family with a longer name, Morning glory or Rothmannia?",comparison,hard,clean,Morning glory,Morning glory,1.0,1,0.5,230,"P1,P5,P2,P4"
5adc6f6255429947ff173961,"Which plant genus is part of a family with a longer name, Morning glory or Rothmannia?",comparison,hard,remove_one,Morning glory,Morning glory,1.0,1,0.0,365,"P5,P1,P4,P9"
5adc6f6255429947ff173961,"Which plant genus is part of a family with a longer name, Morning glory or Rothmannia?",comparison,hard,remove_all,Morning glory,Morning glory,1.0,1,,205,"P5,P1,P4,P0"
5adc6f6255429947ff173961,"Which plant genus is part of a family with a longer name, Morning glory or Rothmannia?",comparison,hard,contaminated,Morning glory,Morning glory,1.0,1,,261,"P5,P1,D0,P4"
